{
  "metadata": {
    "sectionsN": 3,
    "sectionsNames": [
      "pies",
      "torso",
      "cabeza"
    ],
    "attributes": [
      true,
      true,
      true
    ]
  },
  "sections": [
    {
      "w": 680,
      "h": 240.60373866478824,
      "i": 0,
      "x": 0,
      "y": 439.39626133521176
    },
    {
      "w": 680,
      "h": 376.2914239181132,
      "i": 1,
      "x": 0,
      "y": 154.7085760818868
    },
    {
      "w": 680,
      "h": 312,
      "i": 2,
      "x": 0,
      "y": 0
    }
  ],
  "grammar": {
    "base": [
      "<pies>|<torso>|<cabeza>"
    ],
    "pies": [
      "#000000&10&266,460,249,466,243,479,259,492,282,483,274,479,249,482,240,499,242,509,256,517,266,517,288,508,255,509,235,533,237,542,249,549,262,549,282,540,279,533,255,534,240,541,223,562,244,581,266,579,276,571,250,569,236,591,235,609,262,612,253,610,241,616,230,628,228,637,243,645,257,643**#000000&10&376,455,356,465,356,478,363,485,380,489,402,478,373,477,357,492,352,508,360,515,378,520,393,519,411,509,393,505,366,512,353,527,353,544,363,555,389,559,404,554,417,542,403,538,378,543,358,558,354,566,359,574,379,584,393,584,410,577,402,572,380,581,363,595,360,607,374,618,412,608,404,606,384,612,364,631,366,639,375,645,402,643%%Resorte",
      "#000000&10&240,456,284,458,238,482,287,493,242,508,231,516,253,515,296,524,248,539,229,551,286,562,251,569,226,580,277,594,225,611,263,627,232,635,227,643,237,650,261,654**#000000&10&354,451,397,456,351,477,356,481,400,486,357,501,400,509,355,533,404,537,401,542,345,565,389,567,353,588,405,588,360,613,399,611,358,638,402,634,367,654,400,652%%Zigzag",
      "#000000&10&261,451,247,455,246,463,268,473,272,487,262,493,242,493,235,505,240,516,264,519,270,536,243,548,236,564,261,568,267,580,258,588,238,592,231,609,258,614,265,625,229,645,236,655,257,655**#000000&10&365,450,374,449,380,458,357,464,354,476,381,482,386,493,378,498,357,498,351,510,358,516,379,515,389,527,383,534,362,539,359,555,386,557,394,562,393,566,371,574,361,590,393,598,386,610,362,616,354,629,361,638,394,633,396,636,374,645,361,658,369,664,393,662%%Ondulado"
    ],
    "torso": [
      "#FF6565&22&329,202,301,215,277,243,257,292,241,367,239,418,248,456,264,478,301,495,335,493,378,474,396,446,404,410,406,323,402,273,394,245,378,222,358,207,336,199,320,199,302,210,283,237,268,267,251,322,251,395,265,443,284,469,297,477,316,480,342,468,358,447,365,424,343,415,312,430,292,453,292,466,297,469,340,454,379,420,370,422,357,437,348,457,349,461,356,461,389,422,356,468,372,448,388,401,388,293,383,276,379,351,352,442,362,423,378,364,384,288,378,257,368,235,345,219,334,218,320,227**#FF6565&22&388,234,381,217,358,199,344,194,313,197,293,207,277,222,255,256,245,282,233,347,233,405,241,445,261,477,296,494,315,497,340,494,370,478,391,450,400,421,411,338,407,263,391,213,352,188,322,185,302,191,277,209,262,230**#FF6565&22&308,213,289,241,272,309,269,373,277,431,267,408,255,354,248,263,254,238,272,217,286,210,255,242,243,265,234,298,230,390,244,432,264,455**#FF6565&22&309,249,301,235,289,289,283,377,287,420,306,460,282,415,275,366,290,265,300,238,310,227,313,277,301,422,312,466,317,461,317,427,312,410,300,402,289,408,273,432,274,439,283,446,339,425,357,406,326,435,314,453,319,454,364,418,380,396,376,392,360,397,316,425,351,390,376,356,351,372,323,403,358,362,376,332,357,344,322,388,363,328,372,296,371,293,364,297,347,322,331,362,332,376,340,339,341,309,334,313,326,356,331,384,337,376,348,292,341,267,332,272,323,293,317,328,317,370,344,226,337,233,329,256,310,345,315,263,312,253,306,264,292,374,291,353,300,293,318,253,339,226,348,237,368,305,371,287,363,246,371,296**#000000&10&333,178,298,184,262,213,242,244,227,295,222,377,230,444,241,472,253,486,270,500,283,504,343,503,366,495,385,480,401,445,413,386,419,278,410,234,400,212,380,194,336,179**#000000&10&238,253,254,241,361,190**#000000&10&233,282,305,239,386,207**#000000&10&228,309,309,268,404,234**#000000&10&224,340,302,295,411,253**#000000&10&225,368,273,341,413,287**#000000&10&226,402,321,353,411,320**#000000&10&230,430,417,346**#000000&10&240,459,414,373**#000000&10&254,481,297,455,405,402**#000000&10&280,499,301,483,400,430**#000000&10&329,498,394,453**#000000&10&273,205,321,182%%Rayado",
      "#FF6565&27&255,198,325,188,388,186,404,189,409,195,403,390,398,464,391,473,319,487,274,490,240,490,234,481,232,434,238,313,235,241,241,217,257,208,292,207,278,212,256,234,252,253,261,255,295,228,297,218,283,216,254,238,258,243,313,227,358,201,345,200,310,212,281,231,283,235,308,230,377,202,382,199,380,196,311,212,263,239,262,243,274,244,300,237,377,206,359,211,319,239,312,256,316,258,367,230,396,205,371,239,366,263,366,271,372,275,388,245,394,220,387,264,393,304,395,297,397,272,390,229,368,341,369,310,376,258,377,420,390,300,378,443,374,453,366,457,291,473,318,454,358,437,361,438,257,478,287,454,374,410,245,475,281,427,349,371,370,359,354,372,331,404,317,440,322,440,337,420,363,369,371,341,339,414,317,452,316,435,337,355,354,262,353,254,335,347,304,441,341,269,340,258,335,258,313,326,298,405,295,449,299,449,312,372,326,260,320,255,311,262,290,318,280,375,280,426,284,422,310,255,309,252,298,280,281,364,277,423,281,274,279,267,271,263,266,316,269,398,260,263,257,338,261,447,255,422,253,370,248,428,253,454,269,459,324,461,333,321,323,257,308,252,282,260,275,336,247,269,236,226,237,201,294,195**#000000&10&232,191,266,185,417,176**#000000&10&418,178,420,260,410,360,411,477**#000000&10&227,501,339,495,409,483**#000000&10&226,195,228,502**#000000&10&262,226,261,230,267,232,271,226,264,226,265,233,269,225,263,228**#000000&10&329,223,331,229,336,222,331,228**#000000&10&295,199,301,198,297,200**#000000&10&244,202,246,199**#000000&10&374,203,374,207,379,206,383,201,379,200,376,206**#000000&10&326,274,328,280,334,269,331,279**#000000&10&275,263,285,259,279,263,282,264**#000000&10&242,291,243,298,246,295,245,292,242,297**#000000&10&282,314,284,320,290,314,285,313,286,319**#000000&10&346,324,343,332,348,334,352,329,347,328,348,333**#000000&10&252,365,253,370,259,365,255,364,254,370**#000000&10&311,360,310,363,315,356,309,361**#000000&10&259,423,265,423,265,416,260,422**#000000&10&245,481,248,483,252,477,250,480**#000000&10&293,479,292,483,296,484,296,480**#000000&10&305,410,308,410**#000000&10&348,376,351,371,349,378,350,375**#000000&10&285,379,283,383**#000000&10&328,445,333,443,329,446**#000000&10&277,446,281,446**#000000&10&360,461,361,469,365,462,361,467**#000000&10&361,408,363,412**#000000&10&377,353,376,357**#000000&10&382,297,387,295,383,298**#000000&10&361,268,364,267**#000000&10&392,234,391,238,397,235,392,238**#000000&10&408,319,403,326**#000000&10&406,264,401,269**#000000&10&388,392,392,388,390,392**#000000&10&393,435,392,439%%Punteado",
